Actual Label,Predicted Label
e,e
k,k
a,a
3,3
n,n
o,o
3,3
j,j
u,u
m,m
t,t
x,x
u,u
w,w
u,u
j,j
f,f
1,1
t,t
q,q
j,j
o,o
k,k
a,a
o,o
3,3
q,q
h,h
u,u
h,h
h,h
d,d
y,y
y,y
a,a
v,v
f,f
h,h
u,u
o,o
b,b
f,f
d,d
x,x
m,m
p,p
n,n
j,j
h,h
b,b
s,s
w,w
y,y
3,3
i,i
3,3
a,a
i,i
p,p
a,a
z,z
p,p
a,a
q,q
a,a
h,h
b,b
d,d
o,o
y,y
r,r
v,v
b,b
3,3
u,u
e,e
y,y
n,n
w,w
z,z
f,f
o,o
k,k
n,n
j,j
b,b
r,r
k,k
q,q
v,v
k,k
n,n
j,j
k,k
o,o
b,b
w,w
v,v
y,y
m,m
3,3
n,n
w,w
a,a
m,m
w,w
c,c
h,h
u,u
a,a
w,w
m,m
m,m
y,y
p,p
a,a
1,1
u,u
y,y
b,b
x,x
x,x
t,t
r,r
h,h
q,q
f,f
r,r
o,o
l,l
f,f
x,x
s,s
b,b
3,3
i,i
v,v
m,m
n,n
z,z
q,q
x,x
o,o
q,q
v,v
t,t
k,k
b,b
m,m
e,e
s,s
o,o
f,f
u,u
p,p
f,f
j,j
w,w
z,z
m,m
q,q
j,j
w,w
p,p
q,q
i,i
s,s
f,f
m,m
y,y
f,f
j,j
f,f
e,e
f,f
h,h
t,t
t,t
x,x
t,t
v,v
j,j
s,s
y,y
f,f
l,l
b,b
3,3
y,y
m,m
p,p
w,w
h,h
f,f
p,p
w,w
a,a
t,t
r,r
k,k
s,s
f,f
f,f
m,m
f,f
e,e
i,i
1,1
b,b
h,h
w,w
z,z
p,p
x,x
v,v
q,q
e,e
a,a
f,f
a,a
f,f
u,u
q,q
j,j
a,a
3,3
s,s
3,3
t,t
u,u
a,a
a,a
j,j
a,a
q,q
2,2
y,y
n,n
b,b
t,t
w,w
3,3
w,w
e,e
f,f
l,l
a,a
3,3
t,t
u,u
3,3
m,m
b,b
q,q
x,x
p,p
j,j
t,t
a,a
f,f
j,j
t,t
u,u
i,i
k,k
j,j
w,w
b,b
v,v
v,v
p,p
k,k
e,e
3,3
3,3
s,s
i,i
b,b
f,f
a,a
k,k
o,o
q,q
j,j
a,a
w,w
u,u
h,h
o,o
3,3
a,a
m,m
b,b
u,u
o,o
e,e
j,j
p,p
t,t
p,p
b,b
u,u
z,z
y,y
b,b
r,r
y,y
t,t
a,a
p,p
e,e
t,t
f,f
w,w
i,i
b,b
3,3
k,k
t,t
z,z
r,r
z,z
i,i
h,h
m,m
f,f
3,3
g,g
z,z
o,o
b,b
a,a
m,m
3,3
n,n
u,u
b,b
l,l
f,f
t,t
t,t
k,k
n,n
f,f
3,3
f,f
b,b
r,r
s,s
t,t
u,u
f,b
k,k
n,n
l,l
z,z
3,3
k,k
x,x
k,k
w,w
j,j
j,j
u,u
f,f
h,h
h,h
4,4
z,z
t,t
j,j
e,e
a,a
u,u
g,g
l,l
n,n
f,f
c,c
p,p
k,k
t,t
q,q
y,y
p,p
b,b
3,3
o,o
z,z
k,k
o,o
s,s
x,x
l,l
m,m
g,g
z,z
q,q
g,g
g,g
t,t
v,v
i,i
u,u
m,m
k,k
n,n
l,l
f,f
f,f
h,h
l,l
s,s
p,p
b,b
r,r
l,l
a,a
j,j
y,y
i,i
o,o
t,t
g,g
x,x
p,p
3,3
s,s
l,l
x,x
s,s
y,y
z,z
o,o
n,n
h,h
f,f
n,n
h,h
l,l
s,s
f,f
q,q
3,3
b,b
n,n
x,x
q,q
n,n
u,u
a,a
a,a
n,n
q,q
v,v
o,o
w,w
z,z
m,m
t,t
4,4
g,g
r,r
l,l
m,m
s,s
f,f
f,f
a,a
r,r
r,v
f,f
y,y
i,i
z,z
n,n
b,b
u,u
e,e
b,b
u,u
v,v
h,h
3,3
n,n
f,f
l,l
e,e
w,w
t,t
t,t
o,o
x,x
2,2
u,u
o,o
k,k
h,h
w,w
m,m
m,m
w,w
g,g
h,h
t,t
l,l
e,e
p,p
f,f
j,j
s,s
y,y
n,n
n,n
v,v
t,t
g,g
t,t
z,z
k,k
t,t
z,z
j,j
n,n
w,w
f,f
r,r
a,a
z,z
1,1
r,r
m,m
i,i
k,k
y,y
y,y
n,n
e,e
b,b
q,q
3,3
k,k
i,i
t,t
3,3
w,w
z,z
q,q
3,3
a,a
j,j
j,j
j,j
2,2
q,q
f,f
w,w
y,y
d,d
q,q
o,o
u,u
v,v
p,p
a,a
n,n
4,4
m,m
q,q
3,3
g,g
3,3
i,i
p,p
t,t
3,3
v,v
f,f
k,k
n,n
3,3
n,n
f,f
x,x
a,a
w,w
f,f
j,j
t,t
q,q
r,r
y,y
f,f
z,z
h,h
k,k
b,b
k,k
l,l
u,u
i,i
k,k
l,l
q,q
w,w
h,h
e,e
b,b
x,x
i,i
g,g
s,s
b,b
t,t
y,y
j,j
p,p
k,k
j,j
q,q
d,d
3,3
f,f
t,t
3,3
l,l
k,k
x,x
z,z
d,d
3,3
a,a
f,f
b,b
x,x
u,u
f,f
k,k
i,i
u,u
p,p
y,y
a,a
r,r
f,f
s,s
p,p
v,v
j,j
z,z
f,f
l,l
f,f
b,b
i,i
3,3
g,g
q,q
f,f
f,f
o,o
a,a
b,b
d,d
g,g
3,3
a,a
w,w
x,x
s,s
l,l
j,j
3,3
m,m
3,3
m,m
m,m
q,q
k,k
j,j
z,z
q,q
k,k
x,x
y,y
y,y
3,3
z,z
g,g
j,j
h,h
f,f
h,h
x,x
3,3
k,k
m,m
b,b
n,n
4,4
j,j
u,u
p,p
w,w
2,2
m,m
w,w
t,t
t,t
j,j
g,g
m,m
a,a
o,o
a,a
m,m
s,s
p,p
r,r
s,s
v,v
h,h
x,x
h,h
w,w
3,3
n,n
3,3
l,l
m,m
a,a
y,y
i,i
a,a
h,h
n,n
p,p
s,s
c,c
q,q
3,3
i,i
r,r
h,h
q,q
3,3
p,p
t,t
t,t
b,b
a,a
h,h
g,g
a,a
y,y
z,z
f,f
k,k
x,x
m,m
n,n
j,j
l,l
w,w
a,a
r,r
m,m
j,j
y,y
i,i
x,x
q,q
e,e
f,f
f,f
b,b
3,3
2,2
n,n
1,1
a,a
v,v
t,t
j,j
3,3
j,j
3,3
t,t
3,3
l,l
s,s
3,3
s,s
q,q
m,m
z,z
o,o
j,j
b,b
u,u
l,l
k,k
t,t
n,n
w,w
3,3
k,k
o,o
n,n
m,m
r,r
y,y
h,h
a,a
z,z
b,b
i,i
a,a
n,n
r,r
k,k
w,w
b,b
f,f
1,1
w,w
a,a
i,i
n,n
m,m
t,t
g,g
k,k
o,o
3,3
f,f
b,b
f,f
i,i
b,b
b,b
x,x
m,m
x,x
h,h
i,i
h,h
t,t
y,y
n,n
a,a
k,k
t,t
w,w
g,g
y,y
z,z
b,b
m,m
x,x
b,b
q,q
o,o
3,3
o,o
b,b
q,q
e,e
a,a
t,t
3,3
b,b
w,w
g,g
s,s
j,j
g,g
j,j
j,j
u,u
o,o
v,v
2,2
a,a
s,s
w,w
h,h
3,3
f,f
j,j
v,v
n,n
a,a
g,g
y,y
o,o
w,w
q,q
g,g
a,a
q,q
f,f
u,u
j,j
j,j
j,l
u,u
b,b
d,d
a,a
w,w
i,i
u,u
w,w
3,3
y,y
w,w
f,f
z,z
w,w
r,r
l,l
g,g
z,z
g,g
3,3
y,y
k,k
w,w
s,s
o,o
b,b
3,3
j,j
i,i
f,f
f,f
o,o
j,j
p,p
k,k
y,y
v,v
m,m
3,3
i,i
i,i
s,s
k,k
m,m
w,w
v,v
l,l
3,3
n,n
f,f
w,w
u,u
f,f
j,j
h,h
d,d
3,3
f,f
o,o
f,f
m,m
j,j
j,j
j,j
3,3
m,m
t,t
i,i
3,3
z,z
b,b
s,s
l,l
h,h
b,b
f,f
3,3
l,l
w,w
f,f
l,l
w,w
o,o
l,l
a,a
3,3
u,u
m,m
k,k
z,z
r,r
a,a
j,j
q,q
e,e
b,b
s,s
n,n
a,a
a,a
j,j
u,u
x,x
m,m
j,j
n,n
j,j
b,b
j,j
3,3
d,d
p,p
k,k
m,m
3,3
t,t
a,a
j,j
s,s
a,a
a,a
a,a
n,n
z,z
z,z
2,2
m,m
l,l
h,h
j,j
h,h
j,j
m,m
1,1
3,3
m,m
y,y
n,n
3,3
u,u
d,d
q,q
3,3
p,p
f,f
z,z
4,4
i,i
e,e
h,h
f,f
x,x
a,a
w,w
j,j
3,3
a,a
a,a
s,s
t,t
s,s
i,i
x,x
b,b
z,z
m,m
i,i
x,x
h,h
c,c
l,l
i,i
b,b
i,i
l,l
d,d
t,t
p,p
f,f
o,o
p,p
f,f
m,m
x,x
g,g
3,3
m,m
r,r
e,e
j,j
r,r
r,r
v,v
p,p
n,n
n,n
m,m
n,n
g,g
m,m
k,k
a,a
n,n
o,o
s,s
a,a
w,w
b,b
i,i
i,i
b,b
n,n
y,y
u,u
t,t
b,b
3,3
j,j
t,t
m,m
h,h
j,j
q,q
u,u
1,1
i,i
v,v
3,3
b,b
y,y
l,l
3,3
w,w
i,i
a,a
k,k
y,y
z,z
c,c
e,e
k,k
l,l
y,y
l,l
l,l
b,b
o,o
a,a
w,w
e,e
y,y
3,3
b,b
v,v
w,w
j,j
j,j
j,j
h,h
j,j
m,m
j,j
3,3
l,l
l,l
a,a
b,b
3,3
d,d
v,v
x,x
x,x
i,i
p,p
b,b
l,l
o,o
z,z
t,t
j,j
v,v
k,k
i,i
3,3
j,j
z,z
w,w
a,a
p,p
y,y
z,z
w,w
w,w
a,a
3,3
3,3
h,h
d,d
i,i
2,2
h,h
p,p
e,e
k,k
q,q
w,w
f,f
j,j
c,c
m,m
u,u
q,q
j,j
d,d
d,d
m,m
3,3
j,j
k,k
u,u
v,v
l,l
t,t
u,u
o,o
f,f
3,3
a,a
h,h
m,m
m,m
t,t
u,u
q,q
a,a
t,t
m,m
3,3
r,r
i,i
h,h
3,3
j,j
3,3
m,m
n,n
k,k
s,s
o,o
f,f
l,l
x,x
a,a
g,g
w,w
t,t
d,d
g,g
u,u
w,w
x,x
y,y
b,b
g,g
v,v
a,a
b,b
z,z
j,j
v,v
t,t
a,a
2,2
p,p
x,x
i,i
y,y
j,j
g,g
t,t
n,n
y,y
h,h
b,b
f,f
v,v
h,h
g,g
j,j
q,q
z,z
3,3
3,3
m,m
f,f
j,j
r,r
y,y
k,k
p,p
m,m
k,k
l,l
f,f
j,j
t,t
t,t
b,b
y,y
j,j
o,o
k,k
m,m
s,s
m,m
q,q
u,u
z,z
e,e
v,v
b,b
q,q
j,j
u,u
o,o
r,r
m,m
y,y
u,u
k,k
n,j
n,n
p,p
3,3
z,z
u,u
a,a
t,t
4,4
b,b
q,q
l,l
f,f
3,3
q,q
z,z
p,p
m,m
k,k
2,2
h,h
k,k
3,3
m,m
t,t
a,a
3,3
1,1
b,b
y,y
u,u
4,4
n,n
3,3
s,s
v,v
h,h
2,2
h,h
s,s
n,n
a,a
k,k
t,t
m,m
j,j
3,3
w,w
u,u
d,d
3,3
d,d
s,s
3,3
v,v
f,f
3,3
3,3
r,r
3,3
a,a
n,n
y,y
k,k
w,w
d,d
e,e
e,e
j,j
b,b
o,o
y,y
s,s
j,j
q,q
a,a
f,f
v,v
g,g
f,f
j,j
n,n
h,h
a,a
a,a
w,w
3,3
v,v
p,p
p,p
a,a
p,p
m,m
o,o
y,y
u,u
j,j
v,v
w,w
m,m
i,i
3,3
t,t
z,z
w,w
3,3
l,l
t,t
q,q
s,s
r,r
l,l
m,m
b,b
3,3
y,y
c,c
y,y
g,g
x,x
d,d
j,j
e,e
f,f
p,p
u,u
c,c
a,a
z,z
q,q
q,q
w,w
w,w
3,3
z,z
k,k
l,l
a,a
d,d
e,e
f,f
v,v
w,w
k,k
o,o
l,l
w,w
j,j
s,s
2,2
y,y
3,3
x,x
l,l
z,z
r,r
k,k
b,b
k,k
3,3
b,b
z,z
f,f
w,w
3,3
f,f
m,m
l,l
l,l
u,u
j,j
r,r
v,v
c,c
t,t
2,2
y,y
p,p
s,s
w,w
x,x
y,y
w,w
f,f
m,m
f,f
i,i
3,3
g,g
1,1
3,3
j,j
f,f
l,l
1,1
f,f
h,h
h,h
r,r
w,w
t,t
h,h
f,f
k,k
q,q
n,n
j,j
m,m
y,y
i,i
v,v
g,g
l,l
l,l
3,3
l,l
f,f
q,q
f,f
i,i
h,h
u,u
p,p
s,s
v,v
i,i
x,x
s,s
3,3
w,w
j,j
w,w
n,n
b,b
k,k
t,t
y,y
w,w
3,3
t,t
d,d
l,l
o,o
v,v
g,g
q,q
f,f
z,z
3,3
f,f
h,h
v,v
t,t
u,v
s,s
3,3
t,t
y,y
z,z
3,3
a,a
v,v
3,3
3,3
x,x
q,q
3,3
z,z
j,j
s,s
w,w
q,q
b,b
m,m
n,n
l,l
y,y
u,u
a,a
j,j
m,m
3,3
o,o
v,v
g,g
o,o
v,v
g,g
4,4
b,b
j,j
s,s
3,3
o,o
t,t
t,t
h,h
v,v
w,w
d,d
k,k
h,h
n,n
k,k
b,b
o,o
3,3
m,m
m,m
z,z
a,a
v,v
f,f
a,a
g,g
m,m
3,3
n,n
m,m
s,s
k,k
3,3
f,f
k,k
h,h
l,l
q,q
a,a
m,m
f,f
g,g
k,k
a,a
o,o
l,l
a,a
w,w
o,o
s,s
j,j
i,i
w,w
3,3
a,a
y,y
3,3
v,v
m,m
q,q
j,j
b,b
z,z
3,3
g,g
r,r
e,e
y,y
g,g
o,o
h,h
a,a
t,t
p,p
f,f
k,k
a,a
u,u
m,m
i,i
d,d
3,3
a,a
v,v
t,t
a,a
j,j
3,3
y,y
g,g
f,f
3,3
3,3
o,o
3,3
f,f
u,u
a,a
v,v
l,l
t,t
o,o
q,q
l,l
p,p
u,u
a,a
n,n
s,s
s,s
j,j
w,w
3,3
a,a
i,i
q,q
j,j
t,t
i,i
h,h
z,z
m,m
m,m
k,k
a,a
u,u
x,x
s,n
3,3
o,o
w,w
m,m
f,f
e,e
f,f
v,v
i,i
e,e
j,j
m,m
b,b
f,f
y,y
j,j
j,j
f,f
l,l
3,3
i,i
k,k
k,k
k,k
c,c
n,n
a,a
z,z
u,u
s,n
f,f
g,g
l,l
a,a
y,y
l,l
3,3
z,z
v,v
r,r
w,w
a,a
a,a
3,3
f,f
3,3
m,m
z,z
m,m
e,e
f,f
3,3
v,v
v,v
l,l
q,q
3,3
3,3
h,h
x,x
s,s
f,f
k,k
f,f
n,n
f,f
v,v
j,j
3,3
p,p
m,m
s,s
k,k
w,w
m,m
k,k
t,t
g,g
b,b
d,d
o,o
f,f
4,4
o,o
t,t
y,y
y,y
m,m
w,w
3,3
z,z
o,o
p,p
v,v
t,t
u,u
p,p
g,g
m,m
h,h
v,v
q,q
u,u
s,s
y,y
u,u
d,d
4,4
p,p
s,s
d,d
x,x
k,k
l,l
